Colony,RC,RRW,TI,CW,JK
301,Orange,Orange,Orange,Orange,Orange
302,Orange,Orange,Orange,Orange,Orange
303,Brown,Brown,Brown,Brown,Brown
304,Orange,Brown,Orange,Orange,Orange
305,Orange,Orange,Orange,Orange,Orange
306,Orange,Orange,Orange,Orange,Orange
307,Orange,Orange,Orange,Orange,Orange
308,Orange,Orange,Orange,Orange,Orange
309,Orange,Brown,Orange,Orange,Brown
310,Orange,Orange,Orange,Orange,Orange
311,Brown,Brown,Orange,Orange,Brown
312,Brown,Brown,Brown,Orange,Brown
313,Orange,Orange,Orange,Orange,Orange
314,Orange,Brown,Brown,Orange,Brown
315,Orange,Brown,Orange,Orange,Brown
316,Orange,Brown,Orange,Orange,Brown
317,Orange,Orange,Orange,Orange,Orange
318,Brown,Brown,Brown,Orange,Brown
319,Brown,Orange,Brown,Brown,Brown
320,Orange,Orange,Brown,Brown,Orange
321,Orange,Brown,Brown,Brown,Brown
322,Orange,Orange,Brown,Brown,Brown
323,Orange,Orange,Brown,Brown,Brown
324,Brown,Brown,Brown,Brown,Brown
325,Orange,Brown,Brown,Brown,Brown
326,Orange,Orange,Orange,Orange,Orange
327,Brown,Brown,Brown,Brown,Brown
328,Orange,Orange,Brown,Brown,Orange
329,Brown,Brown,Brown,Brown,Brown
330,Orange,Orange,Orange,Orange,Orange
331,Orange,Orange,Orange,Orange,Orange
332,Orange,Orange,Brown,Orange,Orange
333,Orange,Orange,Brown,Orange,Orange
334,Brown,Brown,Brown,Brown,Brown
335,Orange,Orange,Brown,Brown,Orange
336,Brown,Orange,Brown,Brown,Orange
337,Orange,Orange,Brown,Brown,Orange
338,Orange,Orange,Orange,Orange,Orange
339,Orange,Orange,Orange,Orange,Orange
340,Orange,Orange,Orange,Orange,Orange
341,Orange,Orange,Orange,Orange,Orange
342,Orange,Orange,Orange,Orange,Orange
343,Orange,Orange,Orange,Orange,Orange
344,Brown,Brown,Brown,Orange,Brown
345,Orange,Orange,Orange,Orange,Orange
346,Orange,Orange,Orange,Orange,Orange
347,Orange,Orange,Orange,Orange,Orange
348,Brown,Brown,Brown,Brown,Brown
349,Orange,Orange,Brown,Orange,Brown
350,Orange,Orange,Orange,Orange,Orange
351,Brown,Brown,Brown,Brown,Brown
352,Orange,Orange,Orange,Orange,Orange
353,Orange,Orange,Orange,Orange,Orange
354,Orange,Brown,Brown,Orange,Brown
355,Orange,Orange,Brown,Orange,Brown
356,Orange,Orange,Brown,Brown,Brown
357,Orange,Orange,Brown,Brown,Brown
358,Brown,Brown,Brown,Brown,Brown
359,Orange,Orange,Brown,Orange,Orange
360,Brown,Brown,Brown,Orange,Brown
361,Orange,Orange,Brown,Orange,Brown
362,Orange,Orange,Orange,Orange,Orange
363,Orange,Orange,Orange,Orange,Orange
364,Orange,Orange,Orange,Orange,Brown
365,Orange,Orange,Orange,Orange,Orange
366,Brown,Brown,Brown,Brown,Orange
367,Orange,Orange,Brown,Orange,Orange
368,Orange,Orange,Orange,Orange,Orange
369,Orange,Orange,Orange,Orange,Orange
370,Orange,Orange,Brown,Brown,Orange
371,Orange,Orange,Orange,Orange,Orange
372,Orange,Orange,Orange,Orange,Brown
373,Orange,Orange,Orange,Orange,Orange
374,Orange,Brown,Brown,Brown,Brown
375,Orange,Orange,Orange,Orange,Orange
376,Orange,Orange,Orange,Orange,Orange
377,Orange,Orange,Orange,Orange,Orange
378,Orange,Orange,Orange,Orange,Orange
379,Orange,Orange,Orange,Orange,Orange
380,Brown,Brown,Brown,Brown,Brown
381,Brown,Orange,Brown,Brown,Brown
382,Orange,Brown,Brown,Brown,Brown
383,Orange,Orange,Brown,Brown,Brown
384,Brown,Brown,Brown,Brown,Brown
385,Orange,Orange,Brown,Brown,Brown
386,Orange,Orange,Orange,Orange,Orange
387,Brown,Brown,Brown,Brown,Brown
388,Orange,Orange,Brown,Orange,Orange
389,Orange,Orange,Orange,Orange,Orange
390,Brown,Brown,Brown,Brown,Brown
391,Brown,Brown,Brown,Brown,Brown
392,Brown,Brown,Brown,Brown,Brown
393,Orange,Orange,Brown,Brown,Orange
394,Orange,Orange,Brown,Brown,Brown
395,Brown,Brown,Brown,Orange,Brown
396,Brown,Brown,Brown,Brown,Brown
397,Brown,Brown,Brown,Brown,Brown
398,Orange,Orange,Orange,Orange,Orange
399,Brown,Brown,Brown,Brown,Brown
400,Orange,Orange,Orange,Orange,Orange
401,Orange,Orange,Orange,Orange,Brown
402,Orange,Brown,Brown,Brown,Brown
403,Orange,Orange,Brown,Orange,Brown
404,Brown,Brown,Orange,Brown,Brown
405,Orange,Orange,Orange,Orange,Orange
406,Orange,Orange,Orange,Orange,Orange
407,Orange,Brown,Orange,Brown,Brown
408,Brown,Brown,Brown,Brown,Brown
409,Orange,Orange,Orange,Orange,Orange
410,Orange,Brown,Orange,Orange,Brown
411,Brown,Brown,Brown,Brown,Brown
412,Orange,Orange,Orange,Brown,Orange
413,Orange,Orange,Brown,Orange,Brown
414,Orange,Orange,Orange,Orange,Orange
415,Brown,Brown,Brown,Brown,Orange
416,Orange,Orange,Brown,Brown,Brown
417,Orange,Orange,Brown,Brown,Orange
418,Brown,Brown,Brown,Brown,Brown
419,Brown,Brown,Brown,Brown,Brown
420,Brown,Brown,Brown,Brown,Brown
421,Orange,Orange,Orange,Orange,Orange
422,Brown,Brown,Brown,Brown,Brown
423,Orange,Orange,Orange,Brown,Brown
424,Orange,Orange,Orange,Orange,Orange
425,Orange,Orange,Orange,Orange,Orange
426,Brown,Brown,Brown,Brown,Brown
427,Brown,Brown,Brown,Brown,Brown
428,Orange,Brown,Brown,Brown,Brown
429,Orange,Orange,Orange,Orange,Orange
430,Orange,Brown,Brown,Brown,Brown
431,Orange,Orange,Orange,Orange,Orange
432,Orange,Orange,Orange,Orange,Orange
433,Orange,Orange,Orange,Orange,Orange
434,Orange,Orange,Orange,Orange,Orange
435,Orange,Brown,Orange,Orange,Orange
436,Brown,Brown,Orange,Orange,Brown
437,Orange,Brown,Orange,Orange,Orange
438,Orange,Brown,Orange,Orange,Brown
439,Brown,Brown,Brown,Brown,Brown
440,Orange,Orange,Orange,Orange,Orange
441,Brown,Brown,Brown,Brown,Brown
442,Orange,Brown,Brown,Brown,Orange
443,Orange,Brown,Orange,Orange,Brown
444,Orange,Orange,Brown,Orange,Orange
445,Orange,Brown,Brown,Brown,Brown
446,Brown,Brown,Brown,Brown,Brown
447,Brown,Brown,Brown,Brown,Brown
448,Orange,Brown,Brown,Brown,Orange
449,Orange,Orange,Brown,Orange,Orange
450,Orange,Orange,Orange,Orange,Orange
451,Orange,Orange,Orange,Brown,Brown
452,Orange,Brown,Brown,Brown,Brown
453,Orange,Brown,Orange,Brown,Brown
454,Orange,Brown,Brown,Brown,Brown
455,Orange,Orange,Orange,Orange,Orange
456,Orange,Brown,Brown,Brown,Brown
457,Orange,Orange,Orange,Orange,Orange
458,Orange,Orange,Brown,Orange,Brown
459,Orange,Orange,Orange,Orange,Orange
460,Orange,Orange,Orange,Orange,Orange
461,Orange,Orange,Orange,Orange,Orange
462,Orange,Orange,Orange,Orange,Orange
463,Orange,Brown,Orange,Orange,Brown
464,Orange,Orange,Orange,Orange,Brown
465,Orange,Orange,Orange,Orange,Orange
466,Orange,Orange,Orange,Orange,Orange
467,Orange,Brown,Orange,Orange,Orange
468,Orange,Orange,Orange,Brown,Brown
469,Orange,Orange,Orange,Orange,Orange
470,Orange,Orange,Orange,Orange,Orange
471,Orange,Orange,Brown,Brown,Brown
472,Orange,Orange,Orange,Orange,Orange
473,Brown,Brown,Brown,Brown,Brown
474,Orange,Orange,Orange,Orange,Orange
475,Brown,Brown,Brown,Brown,Brown
476,Orange,Orange,Orange,Orange,Orange
477,Orange,Orange,Brown,Orange,Brown
478,Orange,Orange,Orange,Brown,Brown
479,Orange,Orange,Orange,Orange,Orange
480,Orange,Orange,Orange,Orange,Orange
481,Brown,Brown,Brown,Brown,Brown
482,Brown,Brown,Brown,Brown,Brown
483,Brown,Brown,Brown,Brown,Brown
484,Orange,Orange,Orange,Orange,Orange
485,Orange,Brown,Brown,Brown,Brown
486,Orange,Brown,Brown,Brown,Brown
487,Brown,Brown,Brown,Brown,Brown
488,Brown,Brown,Brown,Orange,Brown
489,Brown,Orange,Brown,Orange,Orange
490,Brown,Brown,Brown,Brown,Brown
491,Orange,Orange,Orange,Orange,Orange
492,Orange,Orange,Orange,Orange,Orange
493,Brown,Brown,Brown,Brown,Brown
494,Brown,Brown,Orange,Orange,Orange
495,Orange,Orange,Orange,Orange,Orange
496,Orange,Brown,Orange,Orange,Orange
497,Orange,Brown,Orange,Orange,Orange
498,Orange,Orange,Orange,Orange,Orange
499,Brown,Brown,Brown,Brown,Brown
500,Orange,Orange,Orange,Orange,Orange
501,Orange,Orange,Orange,Brown,Orange
502,Orange,Orange,Orange,Orange,Orange
503,Orange,Brown,Orange,Brown,Orange
504,Orange,Brown,Orange,Orange,Brown
505,Orange,Orange,Brown,Orange,Brown
506,Brown,Brown,Brown,Brown,Brown
507,Orange,Orange,Orange,Orange,Orange
508,Orange,Brown,Orange,Brown,Orange
509,Brown,Brown,Brown,Brown,Orange
510,Brown,Brown,Brown,Brown,Brown
511,Orange,Orange,Orange,Orange,Orange
512,Orange,Orange,Orange,Orange,Orange
513,Orange,Brown,Orange,Brown,Brown
514,Orange,Orange,Orange,Orange,Orange
515,Brown,Brown,Brown,Brown,Brown
516,Orange,Orange,Orange,Orange,Orange
517,Orange,Brown,Orange,Brown,Orange
518,Brown,Brown,Orange,Brown,Brown
519,Brown,Brown,Brown,Brown,Brown
520,Orange,Orange,Orange,Orange,Orange
521,Orange,Orange,Orange,Orange,Orange
522,Orange,Orange,Orange,Orange,Orange
523,Orange,Brown,Orange,Orange,Brown
524,Orange,Orange,Orange,Orange,Orange
525,Orange,Orange,Orange,Orange,Orange
526,Orange,Orange,Orange,Orange,Orange
527,Orange,Orange,Orange,Orange,Orange
528,Brown,Brown,Orange,Brown,Brown
529,Brown,Brown,Orange,Brown,Brown
530,Orange,Orange,Orange,Orange,Orange
531,Orange,Orange,Orange,Orange,Orange
532,Brown,Orange,Brown,Brown,Brown
533,Orange,Orange,Orange,Orange,Orange
534,Brown,Brown,Brown,Brown,Brown
535,Orange,Brown,Orange,Brown,Brown
536,Orange,Orange,Orange,Orange,Orange
537,Orange,Brown,Orange,Brown,Orange
538,Orange,Brown,Brown,Brown,Brown
539,Orange,Orange,Orange,Brown,Orange
540,Orange,Orange,Brown,Brown,Brown
541,Brown,Brown,Brown,Brown,Brown
542,Orange,Brown,Brown,Brown,Brown
543,Brown,Brown,Brown,Orange,Brown
544,Orange,Orange,Brown,Brown,Brown
545,Orange,Brown,Orange,Brown,Brown
546,Brown,Brown,Brown,Brown,Brown
547,Orange,Orange,Orange,Orange,Orange
548,Brown,Brown,Brown,Brown,Brown
549,Orange,Orange,Orange,Orange,Orange
550,Orange,Orange,Orange,Orange,Orange
551,Orange,Brown,Orange,Orange,Brown
552,Orange,Brown,Brown,Orange,Brown
553,Brown,Brown,Brown,Orange,Brown
554,Brown,Brown,Brown,Orange,Brown
555,Orange,Orange,Orange,Orange,Orange
556,Orange,Brown,Orange,Orange,Orange
557,Orange,Brown,Orange,Orange,Orange
558,Brown,Brown,Brown,Brown,Brown
559,Orange,Orange,Orange,Orange,Orange
560,Orange,Brown,Orange,Orange,Brown
561,Orange,Orange,Orange,Orange,Orange
562,Orange,Orange,Orange,Orange,Orange
563,Orange,Brown,Brown,Brown,Brown
564,Orange,Orange,Orange,Orange,Orange
565,Orange,Orange,Brown,Brown,Brown
566,Brown,Brown,Orange,Brown,Brown
567,Orange,Orange,Orange,Orange,Orange
568,Orange,Brown,Orange,Orange,Orange
569,Orange,Brown,Brown,Brown,Orange
570,Orange,Orange,Orange,Orange,Orange
571,Brown,Brown,Brown,Orange,Brown
572,Orange,Orange,Orange,Orange,Orange
573,Orange,Brown,Brown,Brown,Orange
574,Orange,Brown,Brown,Orange,Orange
575,Brown,Brown,Brown,Brown,Orange
576,Orange,Brown,Brown,Brown,Orange
577,Orange,Brown,Brown,Orange,Orange
578,Orange,Brown,Brown,Orange,Brown
579,Orange,Brown,Brown,Brown,Brown
580,Orange,Orange,Brown,Orange,Orange
581,Orange,Brown,Brown,Brown,Brown
582,Orange,Brown,Orange,Orange,Orange
583,Orange,Brown,Brown,Brown,Brown
584,Orange,Brown,Orange,Orange,Orange
585,Brown,Brown,Brown,Brown,Brown
586,Orange,Orange,Orange,Orange,Orange
587,Orange,Brown,Orange,Brown,Brown
588,Orange,Orange,Orange,Orange,Orange
589,Brown,Brown,Brown,Brown,Brown
590,Orange,Orange,Brown,Brown,Brown
591,Orange,Orange,Orange,Orange,Orange
592,Orange,Brown,Brown,Brown,Brown
593,Orange,Orange,Orange,Orange,Orange
594,Orange,Brown,Brown,Brown,Brown
595,Brown,Brown,Brown,Brown,Brown
596,Orange,Orange,Orange,Orange,Orange
597,Brown,Brown,Brown,Brown,Brown
598,Orange,Orange,Orange,Orange,Orange
599,Brown,Brown,Orange,Orange,Brown
600,Orange,Orange,Orange,Orange,Orange
601,Brown,Brown,Brown,Brown,Brown
602,Brown,Brown,Brown,Brown,Brown
603,Orange,Orange,Orange,Orange,Orange
604,Brown,Brown,Brown,Brown,Brown
605,Brown,Brown,Brown,Brown,Brown
606,Orange,Brown,Orange,Orange,Orange
607,Brown,Brown,Brown,Brown,Brown
608,Orange,Brown,Brown,Brown,Brown
609,Orange,Orange,Brown,Brown,Orange
610,Brown,Orange,Brown,Brown,Brown
611,Orange,Orange,Orange,Orange,Orange
612,Orange,Orange,Orange,Orange,Orange
613,Orange,Brown,Orange,Orange,Orange
614,Orange,Orange,Orange,Orange,Orange
615,Orange,Orange,Orange,Orange,Orange
616,Brown,Brown,Brown,Brown,Brown
617,Orange,Brown,Orange,Brown,Brown
618,Orange,Brown,Orange,Brown,Brown
619,Orange,Orange,Orange,Brown,Brown
620,Orange,Orange,Orange,Orange,Orange
621,Brown,Brown,Brown,Brown,Brown
622,Orange,Brown,Brown,Brown,Brown
623,Orange,Orange,Orange,Orange,Orange
624,Orange,Orange,Orange,Orange,Orange
625,Orange,Orange,Orange,Orange,Orange
626,Orange,Brown,Orange,Brown,Brown
627,Orange,Brown,Brown,Orange,Brown
628,Brown,Brown,Brown,Brown,Brown
629,Orange,Brown,Brown,Brown,Brown
630,Brown,Orange,Orange,Orange,Orange
631,Brown,Brown,Brown,Brown,Brown
632,Orange,Orange,Brown,Brown,Brown
633,Orange,Orange,Orange,Orange,Orange
634,Orange,Brown,Orange,Brown,Brown
635,Orange,Orange,Orange,Brown,Brown
636,Orange,Orange,Brown,Orange,Brown
637,Orange,Orange,Orange,Orange,Orange
638,Orange,Brown,Orange,Orange,Brown
639,Orange,Brown,Orange,Brown,Brown
640,Orange,Orange,Orange,Orange,Brown
641,Orange,Brown,Orange,Orange,Orange
642,Orange,Brown,Orange,Orange,Orange
643,Orange,Orange,Orange,Orange,Orange
644,Orange,Brown,Orange,Orange,Brown
645,Orange,Brown,Orange,Orange,Orange
646,Brown,Brown,Orange,Brown,Brown
647,Orange,Orange,Orange,Orange,Orange
648,Orange,Brown,Orange,Orange,Orange
649,Orange,Orange,Orange,Orange,Orange
650,Orange,Orange,Orange,Orange,Orange
651,Brown,Brown,Brown,Brown,Brown
652,Orange,Brown,Brown,Brown,Orange
653,Orange,Orange,Brown,Orange,Brown
654,Orange,Orange,Orange,Orange,Orange
655,Orange,Brown,Orange,Orange,Brown
656,Orange,Orange,Orange,Orange,Orange
657,Brown,Brown,Brown,Brown,Brown
658,Orange,Brown,Brown,Brown,Brown
659,Orange,Brown,Orange,Brown,Brown
660,Brown,Brown,Brown,Brown,Brown
661,Orange,Orange,Orange,Orange,Orange
662,Orange,Brown,Orange,Orange,Brown
663,Orange,Brown,Orange,Orange,Orange
664,Orange,Brown,Orange,Brown,Brown
665,Brown,Brown,Brown,Orange,Brown
666,Orange,Orange,Orange,Orange,Orange
667,Brown,Brown,Orange,Brown,Brown
668,Orange,Orange,Orange,Orange,Brown
669,Brown,Brown,Brown,Orange,Brown
670,Orange,Orange,Orange,Orange,Orange
671,Orange,Orange,Orange,Orange,Orange
672,Orange,Orange,Orange,Orange,Orange
673,Brown,Brown,Brown,Brown,Brown
674,Brown,Orange,Orange,Orange,Brown
675,Orange,Orange,Orange,Orange,Orange
676,Brown,Brown,Brown,Brown,Brown
677,Brown,Brown,Brown,Brown,Brown
678,Orange,Orange,Orange,Orange,Brown
679,Brown,Brown,Orange,Orange,Brown
680,Orange,Orange,Orange,Orange,Orange
681,Orange,Brown,Orange,Orange,Brown
682,Orange,Brown,Orange,Orange,Brown
683,Orange,Orange,Orange,Orange,Orange
684,Brown,Brown,Orange,Brown,Brown
685,Orange,Brown,Orange,Brown,Orange
686,Brown,Brown,Brown,Brown,Brown
687,Orange,Orange,Orange,Orange,Orange
688,Orange,Orange,Orange,Orange,Orange
689,Orange,Orange,Orange,Orange,Orange
690,Orange,Orange,Orange,Orange,Brown
691,Brown,Brown,Brown,Brown,Brown
692,Orange,Orange,Brown,Orange,Orange
693,Brown,Brown,Brown,Orange,Brown
694,Brown,Brown,Orange,Brown,Brown
695,Orange,Orange,Orange,Orange,Orange
696,Brown,Brown,Brown,Orange,Brown
697,Orange,Brown,Brown,Brown,Brown
698,Orange,Orange,Orange,Orange,Orange
699,Brown,Brown,Orange,Brown,Brown
700,Brown,Brown,Brown,Brown,Brown
701,Brown,Brown,Brown,Brown,Brown
702,Orange,Orange,Orange,Orange,Orange
703,Brown,Brown,Brown,Orange,Brown
704,Orange,Orange,Orange,Brown,Orange
705,Orange,Brown,Orange,Brown,Brown
706,Orange,Orange,Orange,Orange,Orange
707,Orange,Orange,Orange,Orange,Orange
708,Orange,Orange,Orange,Orange,Brown
709,Orange,Brown,Orange,Orange,Brown
710,Orange,Brown,Orange,Brown,Brown
711,Orange,Orange,Orange,Orange,Orange
712,Orange,Brown,Brown,Orange,Brown
713,Orange,Brown,Brown,Brown,Orange
714,Brown,Brown,Brown,Brown,Brown
715,Orange,Orange,Orange,Orange,Brown
716,Orange,Brown,Brown,Brown,Brown
717,Orange,Brown,Orange,Brown,Orange
718,Brown,Brown,Brown,Brown,Brown
719,Orange,Orange,Orange,Orange,Orange
720,Brown,Brown,Orange,Brown,Brown
721,Brown,Brown,Brown,Brown,Brown
722,Orange,Brown,Orange,Brown,Brown
723,Brown,Brown,Orange,Brown,Brown
724,Brown,Brown,Brown,Brown,Brown
725,Orange,Brown,Orange,Orange,Orange
726,Brown,Brown,Brown,Orange,Brown
727,Orange,Brown,Brown,Brown,Brown
728,Orange,Brown,Orange,Orange,Brown
729,Orange,Brown,Orange,Orange,Orange
730,Orange,Orange,Orange,Orange,Orange
731,Brown,Brown,Brown,Brown,Brown
732,Orange,Orange,Orange,Orange,Brown
733,Orange,Orange,Orange,Orange,Orange
734,Orange,Orange,Orange,Orange,Orange
735,Brown,Brown,Brown,Brown,Brown
736,Brown,Brown,Orange,Brown,Brown
737,Brown,Orange,Brown,Brown,Brown
738,Orange,Orange,Orange,Orange,Orange
739,Orange,Orange,Orange,Orange,Brown
740,Brown,Brown,Brown,Brown,Brown
741,Brown,Brown,Brown,Brown,Brown
742,Brown,Brown,Brown,Brown,Orange
743,Brown,Brown,Brown,Brown,Brown
744,Orange,Orange,Brown,Brown,Orange
745,Orange,Orange,Orange,Orange,Orange
746,Orange,Orange,Orange,Orange,Orange
747,Orange,Brown,Brown,Brown,Brown
748,Brown,Brown,Brown,Brown,Brown
749,Brown,Brown,Brown,Brown,Brown
750,Orange,Orange,Brown,Brown,Brown
751,Orange,Orange,Orange,Orange,Orange
752,Orange,Orange,Orange,Orange,Brown
753,Orange,Orange,Orange,Orange,Orange
754,Brown,Orange,Orange,Brown,Brown
755,Orange,Orange,Orange,Orange,Orange
756,Orange,Orange,Orange,Orange,Orange
757,Brown,Brown,Brown,Brown,Brown
758,Brown,Brown,Brown,Brown,Brown
759,Orange,Brown,Orange,Orange,Orange
760,Orange,Orange,Orange,Orange,Orange
761,Brown,Brown,Brown,Brown,Brown
762,Brown,Orange,Brown,Brown,Brown
763,Orange,Orange,Orange,Orange,Brown
764,Orange,Orange,Brown,Orange,Orange
765,Brown,Brown,Brown,Brown,Brown
766,Orange,Orange,Orange,Orange,Orange
767,Brown,Orange,Brown,Brown,Brown
768,Orange,Brown,Brown,Brown,Orange
769,Orange,Orange,Orange,Orange,Brown
770,Brown,Orange,Orange,Orange,Brown
771,Orange,Orange,Orange,Orange,Orange
772,Orange,Orange,Orange,Orange,Brown
773,Orange,Orange,Orange,Orange,Orange
774,Orange,Orange,Orange,Orange,Orange
775,Orange,Orange,Orange,Orange,Brown
776,Orange,Orange,Orange,Orange,Orange
777,Orange,Orange,Orange,Orange,Orange
778,Orange,Brown,Orange,Orange,Brown
779,Orange,Brown,Brown,Brown,Brown
780,Orange,Brown,Orange,Orange,Brown
781,Orange,Orange,Orange,Orange,Orange
782,Brown,Brown,Brown,Brown,Brown
783,Brown,Orange,Brown,Brown,Brown
784,Orange,Orange,Orange,Orange,Orange
785,Brown,Brown,Brown,Orange,Brown
786,Brown,Brown,Brown,Brown,Brown
787,Orange,Orange,Orange,Orange,Brown
788,Brown,Brown,Brown,Orange,Brown
789,Brown,Brown,Brown,Brown,Brown
790,Brown,Brown,Brown,Brown,Brown
791,Orange,Orange,Orange,Orange,Orange
792,Orange,Orange,Orange,Orange,Orange
793,Brown,Orange,Orange,Brown,Brown
794,Brown,Orange,Brown,Brown,Brown
795,Brown,Orange,Orange,Brown,Brown
796,Brown,Orange,Orange,Brown,Brown
797,Orange,Orange,Orange,Orange,Orange
798,Brown,Brown,Orange,Brown,Brown
799,Orange,Orange,Orange,Orange,Orange
800,Orange,Orange,Orange,Orange,Orange
801,Brown,Brown,Brown,Brown,Brown
802,Orange,Orange,Orange,Orange,Orange
803,Orange,Brown,Orange,Orange,Brown
804,Orange,Orange,Brown,Orange,Orange
805,Brown,Brown,Brown,Brown,Brown
806,Orange,Orange,Orange,Orange,Brown
807,Orange,Orange,Orange,Orange,Brown
808,Orange,Orange,Orange,Brown,Brown
809,Orange,Brown,Brown,Brown,Brown
810,Brown,Brown,Brown,Brown,Brown
811,Brown,Orange,Orange,Brown,Brown
812,Orange,Orange,Orange,Orange,Orange
813,Orange,Orange,Orange,Orange,Orange
814,Orange,Orange,Orange,Orange,Orange
815,Brown,Brown,Brown,Orange,Brown
816,Brown,Brown,Orange,Brown,Brown
817,Orange,Orange,Orange,Orange,Orange
818,Orange,Orange,Orange,Orange,Orange
819,Orange,Orange,Orange,Orange,Orange
820,Orange,Orange,Orange,Orange,Brown
821,Orange,Orange,Orange,Orange,Orange
822,Orange,Brown,Brown,Orange,Brown
823,Orange,Brown,Brown,Brown,Orange
824,Orange,Orange,Brown,Orange,Orange
825,Brown,Brown,Brown,Brown,Brown
826,Brown,Brown,Brown,Brown,Brown
827,Brown,Orange,Orange,Brown,Brown
828,Brown,Brown,Brown,Brown,Brown
829,Orange,Orange,Orange,Orange,Orange
830,Brown,Brown,Brown,Brown,Brown
831,Orange,Orange,Orange,Orange,Orange
832,Brown,Brown,Brown,Brown,Brown
833,Brown,Orange,Orange,Orange,Brown
834,Orange,Orange,Orange,Orange,Brown
835,Orange,Orange,Orange,Orange,Orange
836,Orange,Brown,Orange,Orange,Orange
837,Brown,Brown,Brown,Brown,Brown
838,Orange,Orange,Orange,Orange,Orange
839,Orange,Orange,Orange,Orange,Orange
840,Brown,Brown,Orange,Orange,Brown
841,Brown,Brown,Brown,Brown,Brown
842,Brown,Brown,Orange,Brown,Brown
843,Brown,Brown,Brown,Brown,Brown
844,Brown,Brown,Orange,Brown,Brown
845,Brown,Brown,Orange,Brown,Orange
846,Brown,Brown,Orange,Brown,Brown
847,Brown,Brown,Brown,Orange,Brown
848,Orange,Brown,Orange,Brown,Brown
849,Brown,Brown,Orange,Orange,Brown
850,Brown,Brown,Brown,Brown,Brown
851,Orange,Orange,Orange,Orange,Brown
852,Orange,Orange,Orange,Orange,Orange
853,Orange,Orange,Orange,Orange,Orange
854,Orange,Orange,Orange,Orange,Orange
855,Orange,Orange,Orange,Orange,Orange
856,Brown,Brown,Orange,Orange,Brown
857,Orange,Brown,Orange,Orange,Brown
858,Orange,Orange,Orange,Orange,Orange
859,Orange,Brown,Orange,Orange,Orange
860,Orange,Orange,Orange,Orange,Orange
861,Brown,Brown,Brown,Brown,Brown
862,Brown,Brown,Orange,Orange,Brown
863,Orange,Orange,Orange,Orange,Orange
864,Orange,Brown,Orange,Brown,Brown
865,Brown,Brown,Brown,Brown,Brown
866,Orange,Orange,Brown,Orange,Brown
867,Orange,Orange,Brown,Orange,Orange
868,Brown,Brown,Brown,Brown,Brown
869,Brown,Brown,Brown,Brown,Brown
870,Brown,Brown,Brown,Brown,Brown
871,Orange,Orange,Orange,Orange,Orange
872,Orange,Orange,Orange,Orange,Orange
873,Brown,Brown,Orange,Brown,Brown
874,Orange,Orange,Orange,Orange,Orange
875,Orange,Orange,Orange,Orange,Orange
876,Orange,Orange,Orange,Orange,Orange
877,Brown,Brown,Orange,Brown,Brown
878,Orange,Orange,Orange,Orange,Orange
879,Orange,Orange,Orange,Orange,Brown
880,Orange,Orange,Orange,Orange,Orange
881,Orange,Orange,Orange,Brown,Brown
882,Brown,Brown,Brown,Orange,Brown
883,Orange,Orange,Orange,Brown,Orange
884,Brown,Brown,Brown,Brown,Brown
885,Brown,Brown,Brown,Brown,Brown
886,Brown,Brown,Brown,Brown,Brown
887,Brown,Brown,Orange,Orange,Brown
888,Orange,Brown,Brown,Brown,Orange
889,Orange,Brown,Orange,Orange,Orange
890,Brown,Brown,Brown,Brown,Brown
891,Orange,Brown,Orange,Orange,Brown
892,Orange,Orange,Orange,Orange,Brown
893,Brown,Brown,Orange,Orange,Brown
894,Orange,Orange,Orange,Orange,Brown
895,Orange,Orange,Orange,Orange,Orange
896,Brown,Orange,Orange,Orange,Orange
897,Brown,Brown,Brown,Orange,Brown
898,Orange,Orange,Orange,Orange,Orange
899,Orange,Orange,Orange,Orange,Orange
900,Brown,Brown,Orange,Brown,Brown
901,Brown,Brown,Brown,Orange,Brown
902,Orange,Brown,Brown,Orange,Brown
903,Orange,Orange,Orange,Orange,Brown
904,Orange,Orange,Brown,Brown,Brown
905,Brown,Brown,Brown,Brown,Brown
906,Brown,Brown,Brown,Brown,Brown
907,Brown,Brown,Brown,Brown,Orange
908,Brown,Brown,Brown,Brown,Brown
909,Orange,Orange,Orange,Orange,Brown
910,Orange,Brown,Brown,Brown,Orange
911,Orange,Brown,Orange,Orange,Brown
912,Orange,Orange,Orange,Orange,Orange
913,Brown,Brown,Orange,Orange,Brown
914,Brown,Brown,Orange,Orange,Brown
915,Orange,Orange,Orange,Orange,Orange
916,Brown,Brown,Orange,Brown,Brown
917,Orange,Brown,Orange,Orange,Brown
918,Brown,Brown,Orange,Orange,Brown
919,Orange,Orange,Orange,Orange,Orange
920,Orange,Brown,Orange,Orange,Brown
921,Orange,Brown,Brown,Brown,Orange
922,Brown,Brown,Brown,Brown,Brown
923,Brown,Brown,Brown,Brown,Orange
924,Brown,Orange,Brown,Brown,Brown
925,Brown,Orange,Orange,Brown,Brown
926,Brown,Brown,Brown,Brown,Brown
927,Brown,Orange,Brown,Brown,Orange
928,Brown,Brown,Brown,Brown,Brown
929,Orange,Brown,Brown,Brown,Orange
930,Brown,Brown,Orange,Orange,Brown
931,Orange,Orange,Orange,Orange,Orange
932,Orange,Orange,Orange,Brown,Brown
933,Orange,Orange,Orange,Orange,Brown
934,Orange,Orange,Orange,Orange,Orange
935,Brown,Brown,Orange,Brown,Brown
936,Orange,Orange,Orange,Orange,Orange
937,Brown,Brown,Brown,Brown,Brown
938,Brown,Brown,Brown,Brown,Brown
939,Orange,Brown,Orange,Orange,Orange
940,Orange,Brown,Orange,Brown,Brown
941,Orange,Orange,Orange,Brown,Brown
942,Brown,Brown,Brown,Brown,Brown
943,Orange,Orange,Orange,Orange,Orange
944,Brown,Brown,Brown,Brown,Brown
945,Brown,Brown,Brown,Brown,Brown
946,Brown,Brown,Brown,Brown,Brown
947,Orange,Brown,Orange,Orange,Orange
948,Orange,Orange,Orange,Orange,Brown
949,Orange,Orange,Orange,Orange,Orange
950,Orange,Brown,Brown,Brown,Orange
951,Orange,Orange,Brown,Orange,Orange
952,Brown,Brown,Brown,Brown,Orange
953,Orange,Orange,Brown,Brown,Orange
954,Orange,Orange,Brown,Brown,Orange
955,Orange,Brown,Brown,Brown,Orange
956,Orange,Orange,Brown,Brown,Orange
957,Brown,Orange,Brown,Brown,Brown
958,Brown,Brown,Brown,Brown,Brown
959,Brown,Brown,Brown,Orange,Brown
1001,Brown,Brown,Brown,Brown,Brown
1002,Brown,Brown,Brown,Brown,Brown
1003,Brown,Brown,Brown,Brown,Brown
1004,Brown,Brown,Brown,Brown,Brown
1005,Brown,Brown,Brown,Brown,Brown
1006,Brown,Brown,Brown,Orange,Brown
1007,Brown,Brown,Brown,Brown,Brown
1008,Orange,Orange,Brown,Brown,Brown
1009,Orange,Orange,Brown,Brown,Brown
1010,Orange,Orange,Brown,Brown,Brown
1011,Brown,Brown,Brown,Orange,Brown
1012,Orange,Brown,Brown,Orange,Orange
1013,Orange,Brown,Brown,Orange,Orange
1014,Orange,Brown,Brown,Orange,Orange
1015,Orange,Brown,Brown,Orange,Orange
1016,Orange,Brown,Brown,Brown,Brown
1017,Orange,Brown,Brown,Brown,Brown
1018,Brown,Brown,Brown,Brown,Brown
1019,Brown,Brown,Brown,Orange,Brown
1020,Brown,Brown,Brown,Brown,Brown
1021,Brown,Brown,Brown,Brown,Brown
1022,Brown,Brown,Brown,Brown,Brown
1023,Brown,Brown,Brown,Brown,Brown
1024,Brown,Brown,Brown,Orange,Brown
1025,Brown,Brown,Brown,Brown,Brown
1026,Orange,Brown,Brown,Brown,Brown
1027,Orange,Brown,Orange,Orange,Brown
1028,Brown,Brown,Brown,Brown,Brown
1029,Brown,Brown,Brown,Brown,Brown
1030,Brown,Brown,Brown,Brown,Brown
1031,Brown,Brown,Brown,Brown,Brown
1032,Brown,Brown,Brown,Brown,Brown
1033,Brown,Brown,Brown,Brown,Orange
1034,Orange,Brown,Brown,Orange,Orange
1035,Orange,Orange,Orange,Orange,Brown
1036,Brown,Orange,Brown,Orange,Brown
1037,Brown,Brown,Brown,Brown,Brown
1038,Brown,Orange,Brown,Orange,Orange
1039,Brown,Brown,Brown,Brown,Brown
1040,Brown,Brown,Brown,Brown,Orange
1041,Brown,Brown,Brown,Brown,Orange
1042,Orange,Brown,Brown,Brown,Brown
1043,Brown,Brown,Brown,Brown,Brown
1045,Orange,Orange,Orange,Orange,Orange
1046,Brown,Brown,Brown,Brown,Brown
1051,Brown,Brown,Brown,Orange,Brown
1052,Brown,Brown,Brown,Brown,Brown
1053,Orange,Orange,Orange,Orange,Orange
